-- Dummy Data Generated using LLM and Adjusted some values manually

INSERT INTO books (b_id, title, author, publisher_year, genre, available_copy) VALUES
(1, 'The Catcher in the Rye', 'J.D. Salinger', 1951, 'literature', 5),
(2, '1984', 'George Orwell', 1949, 'dystopian', 10),
(3, 'To Kill a Mockingbird', 'Harper Lee', 1960, 'historical', 7),
(4, 'Pride and Prejudice', 'Jane Austen', 1813, 'classic', 12),
(5, 'The Great Gatsby', 'F. Scott Fitzgerald', 1925, 'classic', 8),
(6, 'The Hobbit', 'J.R.R. Tolkien', 1937, 'fantasy', 9),
(7, 'Brave New World', 'Aldous Huxley', 1932, 'dystopian', 6),
(8, 'The Da Vinci Code', 'Dan Brown', 2003, 'thriller', 15),
(9, 'Harry Potter and the Sorcerers Stone', 'J.K. Rowling', 1997, 'fantasy', 20),
(10, 'The Shining', 'Stephen King', 1977, 'horror', 11),
(11, 'Fahrenheit 451', 'Ray Bradbury', 1953, 'science fiction', 14),
(12, 'The Alchemist', 'Paulo Coelho', 1988, 'inspirational', 13),
(13, 'Les Misérables', 'Victor Hugo', 1862, 'classic', 4),
(14, 'Gone with the Wind', 'Margaret Mitchell', 1936, 'historical', 7),
(15, 'Moby-Dick', 'Herman Melville', 1851, 'classic', 6),
(16, 'The Odyssey', 'Homer', -800, 'classic', 5),
(17, 'Catch-22', 'Joseph Heller', 1961, 'military', 8),
(18, 'The Girl with the Dragon Tattoo', 'Stieg Larsson', 2005, 'mystery', 9),
(19, 'The Art of War', 'Sun Tzu', 500, 'military', 11),
(20, 'Dune', 'Frank Herbert', 1965, 'science fiction', 10);

INSERT INTO members (m_id, name, email, join_date) VALUES
(1, 'Alice Johnson', 'alice.johnson@example.com', '2024-01-10'),
(2, 'Bob Smith', 'bob.smith@example.com', '2024-02-25'),
(3, 'Charlie Davis', 'charlie.davis@example.com', '2024-03-15'),
(4, 'Diana Evans', 'diana.evans@example.com', '2024-04-05'),
(5, 'Edward Miller', 'edward.miller@example.com', '2024-05-20'),
(6, 'Fiona Clark', 'fiona.clark@example.com', '2024-06-25'),
(7, 'George Adams', 'george.adams@example.com', '2024-07-30'),
(8, 'Hannah Walker', 'hannah.walker@example.com', '2024-08-15'),
(9, 'Ian Wright', 'ian.wright@example.com', '2024-09-01'),
(10, 'Jane Scott', 'jane.scott@example.com', '2024-10-10'),
(11, 'Kevin Harris', 'kevin.harris@example.com', '2024-11-05'),
(12, 'Laura Turner', 'laura.turner@example.com', '2024-12-15'),
(13, 'Mia Roberts', 'mia.roberts@example.com', '2024-01-20'),
(14, 'Nina King', 'nina.king@example.com', '2024-02-10'),
(15, 'Oscar Lee', 'oscar.lee@example.com', '2024-03-25'),
(16, 'Paul Young', 'paul.young@example.com', '2024-04-30'),
(17, 'Quincy Hall', 'quincy.hall@example.com', '2024-05-15'),
(18, 'Rachel Allen', 'rachel.allen@example.com', '2024-06-05'),
(19, 'Steve Mitchell', 'steve.mitchell@example.com', '2024-07-20'),
(20, 'Tina Thompson', 'tina.thompson@example.com', '2024-08-30');

INSERT INTO borrowed_book (b_id, m_id, borrow_date, return_date, fine_amount) VALUES
(1, 1, '2024-06-01', '2024-06-10', 0),
(1, 2, '2024-07-01', '2024-07-10', 0),
(1, 3, '2024-08-01', '2024-08-10', 0),
(2, 2, '2024-06-01', '2024-06-15', 5),
(2, 3, '2024-07-01', '2024-07-10', 0),
(2, 4, '2024-08-01', '2024-08-20', 0),
(3, 4, '2024-06-01', '2024-06-15', 2),
(3, 5, '2024-07-01', '2024-07-15', 0),
(3, 6, '2024-08-01', '2024-08-20', 0),
(4, 6, '2024-06-01', '2024-06-10', 0),
(4, 7, '2024-07-01', '2024-07-20', 0),
(5, 8, '2024-07-01', '2024-07-15', 3),
(5, 9, '2024-08-01', '2024-08-15', 0),
(6, 9, '2024-06-01', '2024-06-20', 1),
(6, 10, '2024-07-01', '2024-07-10', 0),
(7, 10, '2024-06-01', '2024-06-30', 2),
(7, 11, '2024-07-01', '2024-07-20', 0),
(8, 11, '2024-08-01', '2024-08-10', 4),
(8, 12, '2024-09-01', '2024-09-15', 0),
(9, 12, '2024-06-01', '2024-06-10', 0),
(9, 13, '2024-07-01', '2024-07-20', 2);

INSERT INTO librarian (l_id, name, mail, address, type, working_hour) VALUES
(1, 'Alice Cooper', 'alice.cooper@example.com', '201 Library Lane', 'full-time', 40),
(2, 'Bob Dylan', 'bob.dylan@example.com', '202 Library Lane', 'part-time', 20),
(3, 'Charlie Brown', 'charlie.brown@example.com', '303 Library Lane', 'full-time', 40),
(4, 'Diana Ross', 'diana.ross@example.com', '404 Library Lane', 'part-time', 20),
(5, 'Edward Norton', 'edward.norton@example.com', '505 Library Lane', 'full-time', 35),
(6, 'Fiona Apple', 'fiona.apple@example.com', '606 Library Lane', 'full-time', 40),
(7, 'George Michael', 'george.michael@example.com', '707 Library Lane', 'part-time', 20),
(8, 'Hannah Montana', 'hannah.montana@example.com', '808 Library Lane', 'full-time', 40),
(9, 'Ian Curtis', 'ian.curtis@example.com', '909 Library Lane', 'part-time', 20),
(10, 'Jane Fonda', 'jane.fonda@example.com', '1010 Library Lane', 'full-time', 40),
(11, 'Kevin Bacon', 'kevin.bacon@example.com', '1111 Library Lane', 'full-time', 35),
(12, 'Laura Dern', 'laura.dern@example.com', '1212 Library Lane', 'part-time', 20),
(13, 'Michael Buble', 'michael.buble@example.com', '1313 Library Lane', 'full-time', 40),
(14, 'Nina Simone', 'nina.simone@example.com', '1414 Library Lane', 'full-time', 40),
(15, 'Oscar Isaac', 'oscar.isaac@example.com', '1515 Library Lane', 'part-time', 20),
(16, 'Paul McCartney', 'paul.mccartney@example.com', '1616 Library Lane', 'full-time', 40),
(17, 'Quincy Jones', 'quincy.jones@example.com', '1717 Library Lane', 'full-time', 40),
(18, 'Rachel Weisz', 'rachel.weisz@example.com', '1818 Library Lane', 'full-time', 40),
(19, 'Steve Carell', 'steve.carell@example.com', '1919 Library Lane', 'part-time', 20),
(20, 'Tina Fey', 'tina.fey@example.com', '2020 Library Lane', 'full-time', 40);
